Country Name,Country Code,Year,Value
Austria,AUT,1960,6650133914.547951
Austria,AUT,1961,7375454614.280467
Austria,AUT,1962,7823686765.350787
Austria,AUT,1963,8447136819.839663
Austria,AUT,1964,9249879078.757586
Austria,AUT,1965,10081145818.076052
Austria,AUT,1966,10982543233.368248
Austria,AUT,1967,11680319624.67278
Austria,AUT,1968,12549016578.695044
Austria,AUT,1969,13701141219.245855
Austria,AUT,1970,15373005557.02567
Austria,AUT,1971,17858486066.747437
Austria,AUT,1972,22059612476.93315
Austria,AUT,1973,29515467706.79598
Austria,AUT,1974,35189299911.660774
Austria,AUT,1975,40059206763.056015
Austria,AUT,1976,42959976221.52335
Austria,AUT,1977,51545758887.68629
Austria,AUT,1978,62052259073.24932
Austria,AUT,1979,73937296963.45857
Austria,AUT,1980,82058912997.23463
Austria,AUT,1981,71034228443.06204
Austria,AUT,1982,71275287569.57329
Austria,AUT,1983,72121016546.65237
Austria,AUT,1984,67985344886.871605
Austria,AUT,1985,69386774408.08725
Austria,AUT,1986,99036164939.1618
Austria,AUT,1987,124168442533.73969
Austria,AUT,1988,133339397080.12927
Austria,AUT,1989,133105805512.22047
Austria,AUT,1990,166463386179.35373
Austria,AUT,1991,173794177961.10782
Austria,AUT,1992,195078126721.7631
Austria,AUT,1993,190379720809.18015
Austria,AUT,1994,203535242741.83835
Austria,AUT,1995,241038283062.64505
Austria,AUT,1996,237250948791.26596
Austria,AUT,1997,212790348404.5552
Austria,AUT,1998,218259904401.9564
Austria,AUT,1999,217259147049.95413
Austria,AUT,2000,197289625479.9063
Austria,AUT,2001,197508773215.3231
Austria,AUT,2002,214394866675.2396
Austria,AUT,2003,262273631180.05435
Austria,AUT,2004,301457562038.5413
Austria,AUT,2005,316092273276.01544
Austria,AUT,2006,336280064332.4113
Austria,AUT,2007,389185571506.05225
Austria,AUT,2008,432051935642.9452
Austria,AUT,2009,401758735822.2107
Austria,AUT,2010,392275107258.6674
Austria,AUT,2011,431685217367.51056
Austria,AUT,2012,409401816050.5313
Austria,AUT,2013,430190979705.962
Austria,AUT,2014,442584815286.03375
Austria,AUT,2015,381971148530.5428
Austria,AUT,2016,395837353031.499
Austria,AUT,2017,417261151844.9772
Austria,AUT,2018,454991174096.1016
Austria,AUT,2019,444596155845.2542
Austria,AUT,2020,435049316955.73663
Austria,AUT,2021,479295362747.0466
Austria,AUT,2022,470941926750.7412
Austria,AUT,2023,516034144115.9503
Belgium,BEL,1960,11810619368.387356
Belgium,BEL,1961,12561701694.33192
Belgium,BEL,1962,13436827166.51867
Belgium,BEL,1963,14445805381.387213
Belgium,BEL,1964,16168044450.25225
Belgium,BEL,1965,17597783297.458344
Belgium,BEL,1966,18894891312.297703
Belgium,BEL,1967,20252508995.47449
Belgium,BEL,1968,21654856965.428123
Belgium,BEL,1969,24019653474.99587
Belgium,BEL,1970,26706196046.79306
Belgium,BEL,1971,29821661869.91201
Belgium,BEL,1972,37209418018.51343
Belgium,BEL,1973,47743801490.37466
Belgium,BEL,1974,56033077879.03894
Belgium,BEL,1975,65678189097.29078
Belgium,BEL,1976,71113882967.60712
Belgium,BEL,1977,82839905458.63815
Belgium,BEL,1978,101246526194.44089
Belgium,BEL,1979,116315456796.918
Belgium,BEL,1980,126829314388.19148
Belgium,BEL,1981,104730018470.23032
Belgium,BEL,1982,92095926187.53313
Belgium,BEL,1983,87184239053.25444
Belgium,BEL,1984,83349530159.17342
Belgium,BEL,1985,86268264148.37964
Belgium,BEL,1986,120018787249.41304
Belgium,BEL,1987,149394404105.8887
Belgium,BEL,1988,162299103675.26056
Belgium,BEL,1989,164221056511.05652
Belgium,BEL,1990,205331747947.8513
Belgium,BEL,1991,210510999409.33252
Belgium,BEL,1992,234781652446.67505
Belgium,BEL,1993,224721795708.95523
Belgium,BEL,1994,244884129491.1985
Belgium,BEL,1995,288025588396.2781
Belgium,BEL,1996,279201433224.75574
Belgium,BEL,1997,252708051420.83896
Belgium,BEL,1998,258528339631.0291
Belgium,BEL,1999,258245733221.4677
Belgium,BEL,2000,236792460312.4711
Belgium,BEL,2001,236746141604.3704
Belgium,BEL,2002,258383599375.17697
Belgium,BEL,2003,318082528506.5876
Belgium,BEL,2004,369214712443.2056
Belgium,BEL,2005,385714762230.0388
Belgium,BEL,2006,408259840868.8229
Belgium,BEL,2007,470922156309.4525
Belgium,BEL,2008,517328087920.078
Belgium,BEL,2009,483254171097.8122
Belgium,BEL,2010,481420882905.0009
Belgium,BEL,2011,523330354138.1333
Belgium,BEL,2012,496152879924.7267
Belgium,BEL,2013,521791015247.0603
Belgium,BEL,2014,535390200131.0177
Belgium,BEL,2015,462335574841.4841
Belgium,BEL,2016,476062757356.9273
Belgium,BEL,2017,502764720556.3538
Belgium,BEL,2018,543299066998.9016
Belgium,BEL,2019,535865804349.80304
Belgium,BEL,2020,526021513474.2427
Belgium,BEL,2021,600904461226.3469
Belgium,BEL,2022,583613982019.263
Belgium,BEL,2023,632216577075.1093
Denmark,DNK,1960,6361166312.947516
Denmark,DNK,1961,7058360972.41925
Denmark,DNK,1962,7953274451.781939
Denmark,DNK,1963,8466044671.703268
Denmark,DNK,1964,9677400984.901217
Denmark,DNK,1965,10870670469.612425
Denmark,DNK,1966,11931739858.704626
Denmark,DNK,1967,13059064374.628675
Denmark,DNK,1968,13505573866.666666
Denmark,DNK,1969,15414902266.666666
Denmark,DNK,1970,17075457600.0
Denmark,DNK,1971,19085731252.44065
Denmark,DNK,1972,23232379951.937607
Denmark,DNK,1973,30730626663.360607
Denmark,DNK,1974,34160444798.109894
Denmark,DNK,1975,40474406216.28207
Denmark,DNK,1976,44575892473.118286
Denmark,DNK,1977,49784338519.45629
Denmark,DNK,1978,60362931853.62492
Denmark,DNK,1979,70366241969.20737
Denmark,DNK,1980,71127528699.94144
Denmark,DNK,1981,61877813965.24132
Denmark,DNK,1982,60412844678.604
Denmark,DNK,1983,60644782176.05249
Denmark,DNK,1984,59105236853.79372
Denmark,DNK,1985,62658568287.34287
Denmark,DNK,1986,88078760103.81906
Denmark,DNK,1987,109414423928.77504
Denmark,DNK,1988,115552846616.65306
Denmark,DNK,1989,112409222182.7036
Denmark,DNK,1990,138247285815.85495
Denmark,DNK,1991,139224688814.19528
Denmark,DNK,1992,152915654478.88538
Denmark,DNK,1993,143195627014.6054
Denmark,DNK,1994,156162386724.52286
Denmark,DNK,1995,185006881515.06497
Denmark,DNK,1996,187632346387.9835
Denmark,DNK,1997,173537647058.82355
Denmark,DNK,1998,176991934992.83667
Denmark,DNK,1999,177965188354.69165
Denmark,DNK,2000,164158739097.62344
Denmark,DNK,2001,164791442543.37482
Denmark,DNK,2002,178635163717.43066
Denmark,DNK,2003,218096033517.00897
Denmark,DNK,2004,251373002954.38232
Denmark,DNK,2005,264467336457.16956
Denmark,DNK,2006,282884947702.9663
Denmark,DNK,2007,319423424509.06555
Denmark,DNK,2008,353361038818.38336
Denmark,DNK,2009,321241303699.00574
Denmark,DNK,2010,321995279401.5016
Denmark,DNK,2011,344003137611.2712
Denmark,DNK,2012,327148943812.1366
Denmark,DNK,2013,343584391647.92706
Denmark,DNK,2014,352993631617.708
Denmark,DNK,2015,302673070846.85724
Denmark,DNK,2016,313115929314.33856
Denmark,DNK,2017,332121063806.39056
Denmark,DNK,2018,356841216410.0677
Denmark,DNK,2019,346498737961.6352
Denmark,DNK,2020,354762748338.6615
Denmark,DNK,2021,405687998852.6912
Denmark,DNK,2022,400167196948.7074
Denmark,DNK,2023,404198757537.9742
Finland,FIN,1960,5279011362.127209
Finland,FIN,1961,5983900493.16006
Finland,FIN,1962,6407225035.044293
Finland,FIN,1963,6958296429.351692
Finland,FIN,1964,7848288358.27266
Finland,FIN,1965,8679620316.855669
Finland,FIN,1966,9305312888.267729
Finland,FIN,1967,9467428626.115274
Finland,FIN,1968,8915770472.976006
Finland,FIN,1969,10176617905.440475
Finland,FIN,1970,11357516987.542467
Finland,FIN,1971,12527405512.92981
Finland,FIN,1972,14743186119.873816
Finland,FIN,1973,19472363466.62517
Finland,FIN,1974,24848821490.467937
Finland,FIN,1975,29472623242.282204
Finland,FIN,1976,31849513771.34944
Finland,FIN,1977,33499799321.233585
Finland,FIN,1978,36256160288.80866
Finland,FIN,1979,44465255686.15479
Finland,FIN,1980,53645202422.696846
Finland,FIN,1981,52448332874.06999
Finland,FIN,1982,52797582336.25263
Finland,FIN,1983,50973526900.0854
Finland,FIN,1984,52888800949.74278
Finland,FIN,1985,55875863392.17191
Finland,FIN,1986,73531550551.25499
Finland,FIN,1987,91594751792.2359
Finland,FIN,1988,109058990760.48328
Finland,FIN,1989,119012054870.44478
Finland,FIN,1990,141438345513.91696
Finland,FIN,1991,127773856785.76678
Finland,FIN,1992,112532519246.08444
Finland,FIN,1993,89214114708.0254
Finland,FIN,1994,103299943084.80363
Finland,FIN,1995,134189814814.8148
Finland,FIN,1996,132129174216.92986
Finland,FIN,1997,126912152101.70656
Finland,FIN,1998,134038718291.05472
Finland,FIN,1999,135264083658.68756
Finland,FIN,2000,126019543413.3336
Finland,FIN,2001,129533107311.8112
Finland,FIN,2002,140404460203.1375
Finland,FIN,2003,171652458349.4114
Finland,FIN,2004,197479443979.1511
Finland,FIN,2005,204885494686.38123
Finland,FIN,2006,217089269791.7644
Finland,FIN,2007,256378067752.15768
Finland,FIN,2008,285716311136.7187
Finland,FIN,2009,253497520828.51544
Finland,FIN,2010,249424310816.66714
Finland,FIN,2011,275604356167.31573
Finland,FIN,2012,258290060227.73444
Finland,FIN,2013,271362405890.589
Finland,FIN,2014,274862826772.15588
Finland,FIN,2015,234534382384.7655
Finland,FIN,2016,240771351298.83328
Finland,FIN,2017,255647979916.47104
Finland,FIN,2018,275708001767.84296
Finland,FIN,2019,268514916972.54855
Finland,FIN,2020,271886077382.10196
Finland,FIN,2021,296470417085.26654
Finland,FIN,2022,281887430795.72095
Finland,FIN,2023,300187202696.08374
France,FRA,1960,62225478000.88224
France,FRA,1961,67461644222.03518
France,FRA,1962,75607529809.92879
France,FRA,1963,84759195105.86928
France,FRA,1964,94007851047.36778
France,FRA,1965,101537248148.42683
France,FRA,1966,110045852177.92784
France,FRA,1967,118972977486.2066
France,FRA,1968,129785441507.45567
France,FRA,1969,141903068680.3094
France,FRA,1970,148456359985.82733
France,FRA,1971,165966615366.40228
France,FRA,1972,203494148244.47333
France,FRA,1973,264429876252.2098
France,FRA,1974,285553737043.09875
France,FRA,1975,360832186018.0512
France,FRA,1976,372319038514.0672
France,FRA,1977,410279486493.7149
France,FRA,1978,506709302325.5814
France,FRA,1979,613953129818.0697
France,FRA,1980,701288419745.4207
France,FRA,1981,615552202776.1013
France,FRA,1982,584877732308.6136
France,FRA,1983,559869179791.7205
France,FRA,1984,530683779929.4453
France,FRA,1985,553138414367.0609
France,FRA,1986,771470783218.1078
France,FRA,1987,934173305685.9108
France,FRA,1988,1018847043277.172
France,FRA,1989,1025211803413.5308
France,FRA,1990,1269179616913.625
France,FRA,1991,1269276828275.782
France,FRA,1992,1401465923172.243
France,FRA,1993,1322815612694.0005
France,FRA,1994,1393982750472.5898
France,FRA,1995,1601094756209.7517
France,FRA,1996,1605675086549.5576
France,FRA,1997,1452884917959.0918
France,FRA,1998,1503108739159.4397
France,FRA,1999,1493151737698.459
France,FRA,2000,1365639660792.1597
France,FRA,2001,1377657339291.3403
France,FRA,2002,1501409382971.3752
France,FRA,2003,1844544792036.859
France,FRA,2004,2119633181634.3684
France,FRA,2005,2196945232435.7969
France,FRA,2006,2320536221304.7026
France,FRA,2007,2660591246211.7734
France,FRA,2008,2930303780828.1245
France,FRA,2009,2700887366932.0293
France,FRA,2010,2645187882116.672
France,FRA,2011,2865157541994.169
France,FRA,2012,2683671716967.188
France,FRA,2013,2811876903329.028
France,FRA,2014,2855964488590.186
France,FRA,2015,2439188643162.4985
France,FRA,2016,2472964344587.165
France,FRA,2017,2595151045197.6514
France,FRA,2018,2790956878746.665
France,FRA,2019,2728870246705.878
France,FRA,2020,2647418691598.4507
France,FRA,2021,2959355819170.495
France,FRA,2022,2779092236505.847
France,FRA,2023,3030904089607.8965
Germany,DEU,1960,84310950194.11525
Germany,DEU,1961,96205728657.72688
Germany,DEU,1962,105508875286.24107
Germany,DEU,1963,111822811005.91238
Germany,DEU,1964,122880200227.83871
Germany,DEU,1965,134282707622.24054
Germany,DEU,1966,142781158769.17966
Germany,DEU,1967,144570993320.9099
Germany,DEU,1968,155955906530.69864
Germany,DEU,1969,177084689264.14545
Germany,DEU,1970,215838448137.65836
Germany,DEU,1971,249985055484.3027
Germany,DEU,1972,299801542047.4759
Germany,DEU,1973,398374021953.8968
Germany,DEU,1974,445303484241.554
Germany,DEU,1975,490636517211.225
Germany,DEU,1976,519754453161.4106
Germany,DEU,1977,600498238019.0348
Germany,DEU,1978,740469983446.9329
Germany,DEU,1979,881345176608.6863
Germany,DEU,1980,950290856466.5376
Germany,DEU,1981,800472055387.2782
Germany,DEU,1982,776576439106.9558
Germany,DEU,1983,770684323247.7977
Germany,DEU,1984,725111123634.1145
Germany,DEU,1985,732534887058.1982
Germany,DEU,1986,1046259374943.7087
Germany,DEU,1987,1298176105549.5105
Germany,DEU,1988,1401233225303.4858
Germany,DEU,1989,1398967436804.3274
Germany,DEU,1990,1771671206875.681
Germany,DEU,1991,1868945197407.189
Germany,DEU,1992,2131571696931.747
Germany,DEU,1993,2071323790370.2827
Germany,DEU,1994,2205074123177.052
Germany,DEU,1995,2585792275146.718
Germany,DEU,1996,2497244606186.639
Germany,DEU,1997,2211989623279.946
Germany,DEU,1998,2238990774702.6787
Germany,DEU,1999,2194945278872.592
Germany,DEU,2000,1947981991011.7688
Germany,DEU,2001,1945790973803.152
Germany,DEU,2002,2078484517474.5132
Germany,DEU,2003,2501640388482.348
Germany,DEU,2004,2814353869359.0806
Germany,DEU,2005,2846864211175.096
Germany,DEU,2006,2994703642023.5254
Germany,DEU,2007,3425578382921.58
Germany,DEU,2008,3745264093617.1865
Germany,DEU,2009,3411261212652.3413
Germany,DEU,2010,3399667820000.0063
Germany,DEU,2011,3749314991050.591
Germany,DEU,2012,3527143188785.157
Germany,DEU,2013,3733804649549.0303
Germany,DEU,2014,3889093051023.516
Germany,DEU,2015,3357585719351.5605
Germany,DEU,2016,3469853463945.5337
Germany,DEU,2017,3690849152517.653
Germany,DEU,2018,3974443355019.605
Germany,DEU,2019,3889177589254.896
Germany,DEU,2020,3887727161914.408
Germany,DEU,2021,4278503934689.8535
Germany,DEU,2022,4082469490797.681
Germany,DEU,2023,4456081016705.961
Greece,GRC,1960,4335191696.005855
Greece,GRC,1961,4961399303.483932
Greece,GRC,1962,5213043168.0939
Greece,GRC,1963,5895281431.591881
Greece,GRC,1964,6669669849.61844
Greece,GRC,1965,7689148374.19223
Greece,GRC,1966,8591522486.934435
Greece,GRC,1967,9275600800.356443
Greece,GRC,1968,10090674766.703152
Greece,GRC,1969,11615655895.40543
Greece,GRC,1970,13139863636.363638
Greece,GRC,1971,14591750000.0
Greece,GRC,1972,16885511363.636364
Greece,GRC,1973,22347848101.265823
Greece,GRC,1974,25351306818.18182
Greece,GRC,1975,28525876726.88629
Greece,GRC,1976,31152835820.895523
Greece,GRC,1977,36176234967.622574
Greece,GRC,1978,44270204081.63265
Greece,GRC,1979,54481876724.931
Greece,GRC,1980,56829664268.58514
Greece,GRC,1981,52346506765.06765
Greece,GRC,1982,54617989795.918365
Greece,GRC,1983,49428873839.009285
Greece,GRC,1984,48020024183.79686
Greece,GRC,1985,47820851221.31754
Greece,GRC,1986,56379593476.14411
Greece,GRC,1987,65652750377.45345
Greece,GRC,1988,76261277924.57362
Greece,GRC,1989,79169043222.82837
Greece,GRC,1990,97891092003.43938
Greece,GRC,1991,105143232379.88408
Greece,GRC,1992,116224672863.78262
Greece,GRC,1993,108809059155.76695
Greece,GRC,1994,116601801966.29214
Greece,GRC,1995,136878365936.1671
Greece,GRC,1996,145861612400.906
Greece,GRC,1997,143157600149.75665
Greece,GRC,1998,144428172489.33472
Greece,GRC,1999,142588875293.74857
Greece,GRC,2000,130457756628.43636
Greece,GRC,2001,136309295225.33954
Greece,GRC,2002,154564203586.954
Greece,GRC,2003,202370140236.26508
Greece,GRC,2004,240963562236.1273
Greece,GRC,2005,247875422204.41388
Greece,GRC,2006,273546728473.07257
Greece,GRC,2007,318902829550.73315
Greece,GRC,2008,355908689477.44525
Greece,GRC,2009,331308500253.2744
Greece,GRC,2010,297124961971.50055
Greece,GRC,2011,282995942006.557
Greece,GRC,2012,242029307133.40787
Greece,GRC,2013,238907690051.1301
Greece,GRC,2014,235458133124.6078
Greece,GRC,2015,195683527003.3745
Greece,GRC,2016,193148146586.9328
Greece,GRC,2017,199844406013.5309
Greece,GRC,2018,212049447242.1112
Greece,GRC,2019,205252760889.3644
Greece,GRC,2020,188480337285.6052
Greece,GRC,2021,214667807441.202
Greece,GRC,2022,217581324512.0592
Greece,GRC,2023,238206312632.5277
Hungary,HUN,1968,4870283626.180433
Hungary,HUN,1969,5412100260.1731
Hungary,HUN,1970,5762071728.1237335
Hungary,HUN,1971,6271045034.468295
Hungary,HUN,1972,7355242314.224068
Hungary,HUN,1973,9108483160.503698
Hungary,HUN,1974,9983664739.3203
Hungary,HUN,1975,11383139029.43452
Hungary,HUN,1976,13192437321.244184
Hungary,HUN,1977,14735449496.728895
Hungary,HUN,1978,17230354544.824234
Hungary,HUN,1979,19894622393.19404
Hungary,HUN,1980,23041569234.97921
Hungary,HUN,1981,23628554956.605247
Hungary,HUN,1982,24062916721.31206
Hungary,HUN,1983,21838893330.60519
Hungary,HUN,1984,21173432184.871105
Hungary,HUN,1985,21440475719.858223
Hungary,HUN,1986,24697337084.10124
Hungary,HUN,1987,27143185296.5443
Hungary,HUN,1988,29702631093.881485
Hungary,HUN,1989,30323270274.405884
Hungary,HUN,1990,34365891768.68776
Hungary,HUN,1991,34753569692.91496
Hungary,HUN,1992,38730585922.218864
Hungary,HUN,1993,40124916940.59447
Hungary,HUN,1994,43166678735.21832
Hungary,HUN,1995,46425677734.14352
Hungary,HUN,1996,46658755151.6017
Hungary,HUN,1997,47296952928.75605
Hungary,HUN,1998,48706787306.25736
Hungary,HUN,1999,49073380173.71591
Hungary,HUN,2000,47218405892.42581
Hungary,HUN,2001,53749989092.01972
Hungary,HUN,2002,67608919144.36836
Hungary,HUN,2003,85285062818.00766
Hungary,HUN,2004,104120820258.66872
Hungary,HUN,2005,113211158292.9365
Hungary,HUN,2006,115715618613.05196
Hungary,HUN,2007,140186716681.42496
Hungary,HUN,2008,158325614580.628
Hungary,HUN,2009,131069255620.5666
Hungary,HUN,2010,132175349953.71332
Hungary,HUN,2011,141942264554.47513
Hungary,HUN,2012,128814279315.1317
Hungary,HUN,2013,135684315697.7134
Hungary,HUN,2014,141033843265.66858
Hungary,HUN,2015,125174166987.37167
Hungary,HUN,2016,128609822750.03862
Hungary,HUN,2017,143112196040.32568
Hungary,HUN,2018,160565642983.58676
Hungary,HUN,2019,164020460331.65897
Hungary,HUN,2020,157288955508.17633
Hungary,HUN,2021,182109999477.69077
Hungary,HUN,2022,177006128624.62692
Hungary,HUN,2023,212388906458.72397
Ireland,IRL,1960,1998550221.8055437
Ireland,IRL,1961,2151772979.96956
Ireland,IRL,1962,2329372971.891706
Ireland,IRL,1963,2505073357.885077
Ireland,IRL,1964,2851091646.431651
Ireland,IRL,1965,3035655793.5247006
Ireland,IRL,1966,3198820903.82796
Ireland,IRL,1967,3445739914.7310104
Ireland,IRL,1968,3378701146.841974
Ireland,IRL,1969,3902721631.546634
Ireland,IRL,1970,4395995085.995086
Ireland,IRL,1971,5098250287.466462
Ireland,IRL,1972,6318060582.218726
Ireland,IRL,1973,7481173065.792012
Ireland,IRL,1974,7896860614.988031
Ireland,IRL,1975,9483808362.36934
Ireland,IRL,1976,9453756014.71837
Ireland,IRL,1977,11248340431.377935
Ireland,IRL,1978,14647996073.693748
Ireland,IRL,1979,18319334300.451324
Ireland,IRL,1980,21747855640.07121
Ireland,IRL,1981,20670190138.16707
Ireland,IRL,1982,21474752962.21775
Ireland,IRL,1983,20766047763.53137
Ireland,IRL,1984,20106648454.840363
Ireland,IRL,1985,21270013325.56009
Ireland,IRL,1986,28714571852.479862
Ireland,IRL,1987,33920518492.50936
Ireland,IRL,1988,37772896220.75585
Ireland,IRL,1989,39238392677.75421
Ireland,IRL,1990,49305632408.4929
Ireland,IRL,1991,49787501584.484726
Ireland,IRL,1992,55918538121.3989
Ireland,IRL,1993,52417477613.67601
Ireland,IRL,1994,57097656065.95995
Ireland,IRL,1995,69139823232.32323
Ireland,IRL,1996,75790786290.32259
Ireland,IRL,1997,82856648758.35721
Ireland,IRL,1998,90199410115.50967
Ireland,IRL,1999,98893958262.64384
Ireland,IRL,2000,100207610429.90924
Ireland,IRL,2001,109346669229.6954
Ireland,IRL,2002,128596035288.40102
Ireland,IRL,2003,164670771259.60202
Ireland,IRL,2004,194372115041.06497
Ireland,IRL,2005,211876989655.9065
Ireland,IRL,2006,232180617162.2785
Ireland,IRL,2007,270079279419.5005
Ireland,IRL,2008,275447471451.06323
Ireland,IRL,2009,236443115853.6948
Ireland,IRL,2010,221913560882.3671
Ireland,IRL,2011,239170638711.3137
Ireland,IRL,2012,225118718207.1563
Ireland,IRL,2013,238112475390.7956
Ireland,IRL,2014,259681883575.70572
Ireland,IRL,2015,292364226871.7561
Ireland,IRL,2016,298559265006.39764
Ireland,IRL,2017,337241811320.8959
Ireland,IRL,2018,386693357874.0562
Ireland,IRL,2019,398933010007.3562
Ireland,IRL,2020,428608687830.2393
Ireland,IRL,2021,513391778882.86
Ireland,IRL,2022,533140011838.2764
Ireland,IRL,2023,545629450403.7351
Italy,ITA,1960,41915814947.7905
Italy,ITA,1961,46542216714.6155
Italy,ITA,1962,52293346804.62542
Italy,ITA,1963,59897871868.0716
Italy,ITA,1964,65569646710.202965
Italy,ITA,1965,70554398250.33769
Italy,ITA,1966,76446251295.37439
Italy,ITA,1967,84207912985.92194
Italy,ITA,1968,91275077144.66182
Italy,ITA,1969,100764425165.4865
Italy,ITA,1970,113395315985.13013
Italy,ITA,1971,124672365792.75903
Italy,ITA,1972,145260039840.63745
Italy,ITA,1973,175492055795.4168
Italy,ITA,1974,199564489431.3784
Italy,ITA,1975,227695851126.92764
Italy,ITA,1976,224717278436.84576
Italy,ITA,1977,257596313364.0553
Italy,ITA,1978,315058323066.3929
Italy,ITA,1979,393677161500.8157
Italy,ITA,1980,477256775943.92944
Italy,ITA,1981,430702851303.0148
Italy,ITA,1982,427272645669.2913
Italy,ITA,1983,443042373788.8832
Italy,ITA,1984,437887689001.5429
Italy,ITA,1985,452217492140.7565
Italy,ITA,1986,640386352773.0874
Italy,ITA,1987,805713128174.4846
Italy,ITA,1988,891608957155.6084
Italy,ITA,1989,928661332204.3466
Italy,ITA,1990,1181222653522.9475
Italy,ITA,1991,1246220156079.288
Italy,ITA,1992,1320161644933.2288
Italy,ITA,1993,1064958075550.6335
Italy,ITA,1994,1099216688280.4996
Italy,ITA,1995,1174662070605.016
Italy,ITA,1996,1312426527795.2063
Italy,ITA,1997,1241879604365.6206
Italy,ITA,1998,1270052525928.404
Italy,ITA,1999,1252446659833.7866
Italy,ITA,2000,1146676894209.728
Italy,ITA,2001,1168023426056.3794
Italy,ITA,2002,1276769338449.2964
Italy,ITA,2003,1577621707050.5066
Italy,ITA,2004,1806542968545.5645
Italy,ITA,2005,1858217147203.7344
Italy,ITA,2006,1949551719389.6443
Italy,ITA,2007,2213102482751.458
Italy,ITA,2008,2408655348718.5933
Italy,ITA,2009,2199928804118.632
Italy,ITA,2010,2136099955236.671
Italy,ITA,2011,2294994296589.4985
Italy,ITA,2012,2086957656821.602
Italy,ITA,2013,2141924094298.5552
Italy,ITA,2014,2162009615996.5413
Italy,ITA,2015,1836637711060.546
Italy,ITA,2016,1877071687633.7788
Italy,ITA,2017,1961796197354.3564
Italy,ITA,2018,2091932426266.979
Italy,ITA,2019,2011302198827.448
Italy,ITA,2020,1897461635591.912
Italy,ITA,2021,2154875493744.9265
Italy,ITA,2022,2066972096553.7048
Italy,ITA,2023,2254851212731.8047
Netherlands,NLD,1960,13263458995.38695
Netherlands,NLD,1961,14578381187.724997
Netherlands,NLD,1962,15824293505.81906
Netherlands,NLD,1963,17168477019.903477
Netherlands,NLD,1964,20202316519.43203
Netherlands,NLD,1965,22688478854.66244
Netherlands,NLD,1966,24705121841.706
Netherlands,NLD,1967,27103938850.67979
Netherlands,NLD,1968,30053405731.016724
Netherlands,NLD,1969,34035946908.561382
Netherlands,NLD,1970,38164716625.06848
Netherlands,NLD,1971,44579122807.01754
Netherlands,NLD,1972,54706557264.48778
Netherlands,NLD,1973,71840909664.19676
Netherlands,NLD,1974,87243413394.54054
Netherlands,NLD,1975,100249523353.0847
Netherlands,NLD,1976,109168720620.10336
Netherlands,NLD,1977,127016990212.80415
Netherlands,NLD,1978,155859695457.32327
Netherlands,NLD,1979,179669405690.43173
Netherlands,NLD,1980,195152092662.3809
Netherlands,NLD,1981,164134217080.27905
Netherlands,NLD,1982,158479527935.95773
Netherlands,NLD,1983,153445465987.18246
Netherlands,NLD,1984,143912664148.35165
Netherlands,NLD,1985,143845822717.62207
Netherlands,NLD,1986,200862095700.6656
Netherlands,NLD,1987,245046310922.5413
Netherlands,NLD,1988,261910508417.88385
Netherlands,NLD,1989,258336705808.99927
Netherlands,NLD,1990,318330511920.6099
Netherlands,NLD,1991,327500327675.6247
Netherlands,NLD,1992,362962872180.4511
Netherlands,NLD,1993,353550169672.5202
Netherlands,NLD,1994,379130260322.0729
Netherlands,NLD,1995,452301674444.1394
Netherlands,NLD,1996,450490196078.43134
Netherlands,NLD,1997,416812740004.51776
Netherlands,NLD,1998,438008220395.46765
Netherlands,NLD,1999,447049523049.8079
Netherlands,NLD,2000,417479337444.7068
Netherlands,NLD,2001,431586852369.6856
Netherlands,NLD,2002,473861980070.98126
Netherlands,NLD,2003,580070360701.9596
Netherlands,NLD,2004,658380081545.1754
Netherlands,NLD,2005,685348181515.953
Netherlands,NLD,2006,733955269898.8225
Netherlands,NLD,2007,848558887541.1792
Netherlands,NLD,2008,951869997864.0624
Netherlands,NLD,2009,871518638049.2181
Netherlands,NLD,2010,847380859016.6683
Netherlands,NLD,2011,905270626332.6866
Netherlands,NLD,2012,838923319919.5315
Netherlands,NLD,2013,877172824534.5123
Netherlands,NLD,2014,892167986713.7224
Netherlands,NLD,2015,765572770634.3746
Netherlands,NLD,2016,784060430240.0797
Netherlands,NLD,2017,833869641687.0603
Netherlands,NLD,2018,914043438179.6072
Netherlands,NLD,2019,910194347568.626
Netherlands,NLD,2020,909793466661.4812
Netherlands,NLD,2021,1029678338329.4408
Netherlands,NLD,2022,1009398719033.078
Netherlands,NLD,2023,1118124749886.2942
Norway,NOR,1960,5197398721.413668
Norway,NOR,1961,5669689210.3186
Norway,NOR,1962,6107076928.633716
Norway,NOR,1963,6553269535.510094
Norway,NOR,1964,7206522121.804177
Norway,NOR,1965,8111945661.216237
Norway,NOR,1966,8753940266.901838
Norway,NOR,1967,9577383653.18303
Norway,NOR,1968,10227087165.24143
Norway,NOR,1969,11136187439.832636
Norway,NOR,1970,12814123115.261309
Norway,NOR,1971,14583114840.062923
Norway,NOR,1972,17358610849.70098
Norway,NOR,1973,22534253702.86864
Norway,NOR,1974,27145693810.134125
Norway,NOR,1975,32877805200.02296
Norway,NOR,1976,35942270686.337395
Norway,NOR,1977,41508030431.10735
Norway,NOR,1978,46522900253.70544
Norway,NOR,1979,53132244623.92133
Norway,NOR,1980,64439382896.01556
Norway,NOR,1981,63596654760.86768
Norway,NOR,1982,62647195537.65107
Norway,NOR,1983,61627240831.09479
Norway,NOR,1984,62057955032.77583
Norway,NOR,1985,65416879914.39072
Norway,NOR,1986,78693118044.00449
Norway,NOR,1987,94229907235.62152
Norway,NOR,1988,101900260856.22218
Norway,NOR,1989,102633934390.61482
Norway,NOR,1990,119791843059.57156
Norway,NOR,1991,121872464483.48734
Norway,NOR,1992,130838040067.58388
Norway,NOR,1993,120579213712.8036
Norway,NOR,1994,127131319428.70096
Norway,NOR,1995,152029612324.78848
Norway,NOR,1996,163520109150.67136
Norway,NOR,1997,161356631888.4836
Norway,NOR,1998,154230295158.4472
Norway,NOR,1999,162383706021.13037
Norway,NOR,2000,171457201935.96765
Norway,NOR,2001,174239354070.97656
Norway,NOR,2002,195914852576.46732
Norway,NOR,2003,229385469337.0244
Norway,NOR,2004,265268662473.2969
Norway,NOR,2005,309978579743.88824
Norway,NOR,2006,346915160681.7084
Norway,NOR,2007,402643260487.5719
Norway,NOR,2008,464917553191.4894
Norway,NOR,2009,387976400617.0189
Norway,NOR,2010,431052143940.4382
Norway,NOR,2011,501360549669.4038
Norway,NOR,2012,512777309840.997
Norway,NOR,2013,526014468085.1064
Norway,NOR,2014,501736471832.84814
Norway,NOR,2015,388159512245.53046
Norway,NOR,2016,370956547619.0476
Norway,NOR,2017,401745275035.2608
Norway,NOR,2018,439788625883.7996
Norway,NOR,2019,408742840909.0909
Norway,NOR,2020,367633418886.62726
Norway,NOR,2021,503367986030.26776
Norway,NOR,2022,593726965415.6191
Norway,NOR,2023,485513316503.6304
Poland,POL,1990,65977748210.52632
Poland,POL,1991,85500935934.99008
Poland,POL,1992,94337050693.27267
Poland,POL,1993,96043157272.86205
Poland,POL,1994,110803635287.62108
Poland,POL,1995,142293781028.56802
Poland,POL,1996,160193242090.4269
Poland,POL,1997,159358178533.6591
Poland,POL,1998,174685791563.56104
Poland,POL,1999,170030662134.73392
Poland,POL,2000,172220451786.9572
Poland,POL,2001,190905493539.1681
Poland,POL,2002,199070448694.90024
Poland,POL,2003,217828661056.93512
Poland,POL,2004,255107252158.6312
Poland,POL,2005,306145944824.9303
Poland,POL,2006,344626667414.2921
Poland,POL,2007,429020755432.721
Poland,POL,2008,533599779515.7149
Poland,POL,2009,439731589139.2123
Poland,POL,2010,475696613935.5952
Poland,POL,2011,524374183218.3088
Poland,POL,2012,495230523665.9008
Poland,POL,2013,515761954074.1571
Poland,POL,2014,539080475073.7191
Poland,POL,2015,477111287969.2267
Poland,POL,2016,470024599375.6187
Poland,POL,2017,524641252834.8256
Poland,POL,2018,588779796423.6954
Poland,POL,2019,596058473058.7661
Poland,POL,2020,599442732365.372
Poland,POL,2021,681346077608.6073
Poland,POL,2022,689763329458.4408
Poland,POL,2023,811229100687.5663
Portugal,PRT,1960,3339150157.8560543
Portugal,PRT,1961,3573719084.533544
Portugal,PRT,1962,3835883663.2512326
Portugal,PRT,1963,4084251592.815992
Portugal,PRT,1964,4429202656.907406
Portugal,PRT,1965,4901711247.815919
Portugal,PRT,1966,5370108031.128589
Portugal,PRT,1967,6002607029.646629
Portugal,PRT,1968,6644693214.183429
Portugal,PRT,1969,7287555035.344026
Portugal,PRT,1970,8108235704.32357
Portugal,PRT,1971,9201604240.282686
Portugal,PRT,1972,11239117865.085249
Portugal,PRT,1973,15090564186.42682
Portugal,PRT,1974,17512391475.927387
Portugal,PRT,1975,19347607843.137253
Portugal,PRT,1976,20332831564.98674
Portugal,PRT,1977,21439523310.63384
Portugal,PRT,1978,23487614051.09489
Portugal,PRT,1979,26622819672.13115
Portugal,PRT,1980,32896519823.788544
Portugal,PRT,1981,31977276872.96417
Portugal,PRT,1982,30527754793.138245
Portugal,PRT,1983,27239650741.94716
Portugal,PRT,1984,25217969049.57546
Portugal,PRT,1985,27115807742.087303
Portugal,PRT,1986,38745901353.70594
Portugal,PRT,1987,48182925857.40714
Portugal,PRT,1988,56347250696.37883
Portugal,PRT,1989,60594092182.32748
Portugal,PRT,1990,78713860216.56589
Portugal,PRT,1991,89233599278.47925
Portugal,PRT,1992,107592098307.09831
Portugal,PRT,1993,95009751901.2592
Portugal,PRT,1994,99688641304.34782
Portugal,PRT,1995,118122007430.01192
Portugal,PRT,1996,122630089680.27034
Portugal,PRT,1997,117016535162.95026
Portugal,PRT,1998,123946327916.29564
Portugal,PRT,1999,127470385557.18369
Portugal,PRT,2000,118605192877.38847
Portugal,PRT,2001,121604107164.9966
Portugal,PRT,2002,134795565549.41943
Portugal,PRT,2003,165226175536.7926
Portugal,PRT,2004,189382122532.1688
Portugal,PRT,2005,197253876704.9213
Portugal,PRT,2006,208756449275.84796
Portugal,PRT,2007,240496147317.3808
Portugal,PRT,2008,263416394624.08356
Portugal,PRT,2009,244667762835.5432
Portugal,PRT,2010,238113003233.28375
Portugal,PRT,2011,245117990242.2476
Portugal,PRT,2012,216224240577.95743
Portugal,PRT,2013,226433858005.714
Portugal,PRT,2014,229901964221.88428
Portugal,PRT,2015,199394066525.4401
Portugal,PRT,2016,206426152308.93085
Portugal,PRT,2017,221357874718.92975
Portugal,PRT,2018,242313116577.9669
Portugal,PRT,2019,239986922638.9016
Portugal,PRT,2020,229031860520.77728
Portugal,PRT,2021,255534839405.899
Portugal,PRT,2022,255196659934.3784
Portugal,PRT,2023,287080013574.4972
Spain,ESP,1960,12433394725.215897
Spain,ESP,1961,14248303793.240004
Spain,ESP,1962,16621504913.391815
Spain,ESP,1963,19645746986.09784
Spain,ESP,1964,21982577364.733387
Spain,ESP,1965,25497831759.492283
Spain,ESP,1966,29580564480.02808
Spain,ESP,1967,32594186212.32528
Spain,ESP,1968,32417481064.88056
Spain,ESP,1969,37117200723.94739
Spain,ESP,1970,40992995008.319466
Spain,ESP,1971,46619420359.28144
Spain,ESP,1972,59132415221.330574
Spain,ESP,1973,78639525985.15134
Spain,ESP,1974,97274006345.5437
Spain,ESP,1975,114777046376.8116
Spain,ESP,1976,118507184779.90549
Spain,ESP,1977,132449277108.43372
Spain,ESP,1978,160599687500.0
Spain,ESP,1979,214601955875.062
Spain,ESP,1980,232766822928.75372
Spain,ESP,1981,202807891511.98416
Spain,ESP,1982,195996754505.5278
Spain,ESP,1983,170951185614.84918
Spain,ESP,1984,172102910370.5237
Spain,ESP,1985,180793463796.47748
Spain,ESP,1986,251321075204.9424
Spain,ESP,1987,318747935588.1957
Spain,ESP,1988,376160409941.43695
Spain,ESP,1989,414757056921.9958
Spain,ESP,1990,536558591250.4081
Spain,ESP,1991,577166174539.6317
Spain,ESP,1992,630916018202.5029
Spain,ESP,1993,525075636030.8537
Spain,ESP,1994,530562634455.3471
Spain,ESP,1995,614609020549.7732
Spain,ESP,1996,642588992512.807
Spain,ESP,1997,590077272727.2727
Spain,ESP,1998,619214834614.0995
Spain,ESP,1999,634907542858.3025
Spain,ESP,2000,598363313494.9032
Spain,ESP,2001,627830029412.2054
Spain,ESP,2002,708756677088.6287
Spain,ESP,2003,907491523174.1156
Spain,ESP,2004,1069055675273.748
Spain,ESP,2005,1153715822717.5093
Spain,ESP,2006,1260398977831.763
Spain,ESP,2007,1474002579820.0046
Spain,ESP,2008,1631863493552.3433
Spain,ESP,2009,1491472923706.6396
Spain,ESP,2010,1422108199783.3362
Spain,ESP,2011,1480710495710.1196
Spain,ESP,2012,1324750738725.0002
Spain,ESP,2013,1355579535912.5527
Spain,ESP,2014,1371820537888.6226
Spain,ESP,2015,1196156971279.6868
Spain,ESP,2016,1233554967011.6765
Spain,ESP,2017,1313245330197.6494
Spain,ESP,2018,1421702715218.038
Spain,ESP,2019,1394320055129.4094
Spain,ESP,2020,1278128867875.49
Spain,ESP,2021,1445651653604.628
Spain,ESP,2022,1417800466262.6514
Spain,ESP,2023,1580694712515.714
Sweden,SWE,1960,15953203852.683084
Sweden,SWE,1961,17354781170.861324
Sweden,SWE,1962,18821353528.99362
Sweden,SWE,1963,20371666154.37612
Sweden,SWE,1964,22718426804.35292
Sweden,SWE,1965,25000191834.464943
Sweden,SWE,1966,27194141951.330715
Sweden,SWE,1967,29517675437.388924
Sweden,SWE,1968,31323283317.2145
Sweden,SWE,1969,34016617941.58888
Sweden,SWE,1970,38092452060.620125
Sweden,SWE,1971,41566412922.60872
Sweden,SWE,1972,48954145808.83588
Sweden,SWE,1973,59404966684.22137
Sweden,SWE,1974,66013338964.72496
Sweden,SWE,1975,82885397620.53851
Sweden,SWE,1976,89362071672.90341
Sweden,SWE,1977,94468740851.4816
Sweden,SWE,1978,104442351222.7509
Sweden,SWE,1979,123386410160.71468
Sweden,SWE,1980,142092068280.6885
Sweden,SWE,1981,129686938223.3282
Sweden,SWE,1982,114380557730.87576
Sweden,SWE,1983,105014356666.7971
Sweden,SWE,1984,109201362581.30032
Sweden,SWE,1985,114123537581.79433
Sweden,SWE,1986,150498057723.62286
Sweden,SWE,1987,183009638350.8927
Sweden,SWE,1988,206986674500.58752
Sweden,SWE,1989,217948315624.5637
Sweden,SWE,1990,261846194498.8849
Sweden,SWE,1991,274229034311.69904
Sweden,SWE,1992,284321115594.6289
Sweden,SWE,1993,212953336588.12344
Sweden,SWE,1994,229033566614.82632
Sweden,SWE,1995,267305875261.09933
Sweden,SWE,1996,291743811512.07874
Sweden,SWE,1997,268146144677.7299
Sweden,SWE,1998,270809066780.7142
Sweden,SWE,1999,274072182416.73123
Sweden,SWE,2000,262835454366.8551
Sweden,SWE,2001,242395852494.409
Sweden,SWE,2002,266849061835.6595
Sweden,SWE,2003,334337212322.0756
Sweden,SWE,2004,385118044877.4647
Sweden,SWE,2005,392218088878.77856
Sweden,SWE,2006,423093437423.7619
Sweden,SWE,2007,491252589217.0208
Sweden,SWE,2008,517706149201.1956
Sweden,SWE,2009,436537014293.5535
Sweden,SWE,2010,495812558843.3104
Sweden,SWE,2011,574094112972.7327
Sweden,SWE,2012,552483727282.8025
Sweden,SWE,2013,586841821796.8911
Sweden,SWE,2014,581964017237.0946
Sweden,SWE,2015,505103781349.7569
Sweden,SWE,2016,515654671469.5469
Sweden,SWE,2017,541018749769.0971
Sweden,SWE,2018,555455371487.0894
Sweden,SWE,2019,533879529188.45374
Sweden,SWE,2020,547054174235.8759
Sweden,SWE,2021,639714956069.4681
Sweden,SWE,2022,590409594949.1022
Sweden,SWE,2023,593267701033.4082
Switzerland,CHE,1960,10412232620.52584
Switzerland,CHE,1961,11713348834.306866
Switzerland,CHE,1962,12989649694.281164
Switzerland,CHE,1963,14283872299.045551
Switzerland,CHE,1964,15833133857.628052
Switzerland,CHE,1965,16780226225.08496
Switzerland,CHE,1966,18019402373.538822
Switzerland,CHE,1967,19397044714.096264
Switzerland,CHE,1968,20712102793.802624
Switzerland,CHE,1969,22442043274.07404
Switzerland,CHE,1970,24998066773.382114
Switzerland,CHE,1971,30040171750.64709
Switzerland,CHE,1972,36844318854.2403
Switzerland,CHE,1973,49550006319.51466
Switzerland,CHE,1974,57103011445.6416
Switzerland,CHE,1975,65466081819.238365
Switzerland,CHE,1976,68476524643.94303
Switzerland,CHE,1977,73135771167.04805
Switzerland,CHE,1978,102280472035.79416
Switzerland,CHE,1979,114970094424.73083
Switzerland,CHE,1980,122557843886.13716
Switzerland,CHE,1981,112244805518.78629
Switzerland,CHE,1982,115043365512.48584
Switzerland,CHE,1983,114634358534.61008
Switzerland,CHE,1984,109455312167.51076
Switzerland,CHE,1985,110980314191.52658
Switzerland,CHE,1986,159089921062.87177
Switzerland,CHE,1987,199236370037.55365
Switzerland,CHE,1988,215540625298.98172
Switzerland,CHE,1989,208105846934.4092
Switzerland,CHE,1990,265763573999.42413
Switzerland,CHE,1991,268901693863.3194
Switzerland,CHE,1992,279921425828.47394
Switzerland,CHE,1993,272237527070.9258
Switzerland,CHE,1994,301375055202.16425
Switzerland,CHE,1995,352835806342.4947
Switzerland,CHE,1996,340103959546.9256
Switzerland,CHE,1997,294788198856.1979
Switzerland,CHE,1998,303459014346.80646
Switzerland,CHE,1999,297873643323.1261
Switzerland,CHE,2000,279216033870.2037
Switzerland,CHE,2001,286582672434.22614
Switzerland,CHE,2002,309301422430.3862
Switzerland,CHE,2003,362075086507.7597
Switzerland,CHE,2004,403912891033.3736
Switzerland,CHE,2005,418284865884.9984
Switzerland,CHE,2006,441634672196.5226
Switzerland,CHE,2007,490740715594.80176
Switzerland,CHE,2008,567267767519.158
Switzerland,CHE,2009,554212916092.2709
Switzerland,CHE,2010,598851028906.5803
Switzerland,CHE,2011,715888126682.3959
Switzerland,CHE,2012,686420221557.9899
Switzerland,CHE,2013,706234937370.9675
Switzerland,CHE,2014,726537808338.0005
Switzerland,CHE,2015,694118186379.6278
Switzerland,CHE,2016,687895460902.7133
Switzerland,CHE,2017,695200833086.4989
Switzerland,CHE,2018,725568717468.0009
Switzerland,CHE,2019,721369112726.7239
Switzerland,CHE,2020,741999406005.6272
Switzerland,CHE,2021,813408787222.4987
Switzerland,CHE,2022,818426550206.4498
Switzerland,CHE,2023,884940402230.4088
